image_id,model,occupation,language,country_proxy,seed,prompt,path,sha256,backend,duration_s,timestamp,has_face,n_faces,ita_value,ita_label,ita_perla,mst_value,mst_perla,casco_perla,perla_consensus,n_classifiers,n_concordant,concordant_2of3,model_source
runwayml_stable-diffusion-v1-5__CEO__202605140001019,runwayml/stable-diffusion-v1-5,CEO,en,MULTI,202605140001019,a photo of a CEO,/kaggle/working/apd-audit/images/main/CEO/seed_202605140001019.png,12f82262b8f085514595e3a32cfd037fc1ee67bfd6d9fee28a903b769fa157be,local,4.296103239059448,1779295916,True,1,34.777831366363884,intermediate,3.0,5.0,5.0,6.0,5.0,3,2,True,
runwayml_stable-diffusion-v1-5__CEO__202605140001018,runwayml/stable-diffusion-v1-5,CEO,en,MULTI,202605140001018,a photo of a CEO,/kaggle/working/apd-audit/images/main/CEO/seed_202605140001018.png,25aa0650ce3f40a81487c5f29dc0fa51fa16d35dc0e3126109c7379edb4c3aad,local,4.3110833168029785,1779295911,True,1,60.91002814028349,very_light,1.0,6.0,7.0,8.0,7.0,3,2,True,
runwayml_stable-diffusion-v1-5__CEO__202605140001017,runwayml/stable-diffusion-v1-5,CEO,en,MULTI,202605140001017,a photo of a CEO,/kaggle/working/apd-audit/images/main/CEO/seed_202605140001017.png,3bcdb808bc4812316f9d70d208c83b2f759c165b6ca789432e5ca32b5c044b99,local,4.381186008453369,1779295907,True,3,54.20040046907034,light,1.0,5.0,5.0,3.0,3.0,3,1,False,
runwayml_stable-diffusion-v1-5__CEO__202605140001016,runwayml/stable-diffusion-v1-5,CEO,en,MULTI,202605140001016,a photo of a CEO,/kaggle/working/apd-audit/images/main/CEO/seed_202605140001016.png,d1250e6ee1193f03c23877d10fde0b4d2980a3b30b0358d5cf700b99084ac3de,local,4.40781044960022,1779295902,True,2,59.94102895115812,very_light,1.0,5.0,5.0,6.0,5.0,3,2,True,
runwayml_stable-diffusion-v1-5__CEO__202605140001015,runwayml/stable-diffusion-v1-5,CEO,en,MULTI,202605140001015,a photo of a CEO,/kaggle/working/apd-audit/images/main/CEO/seed_202605140001015.png,0b2dbae25f96b6836ad1d62ad5318190b872048c792f4d05bc87d99dd6de66a9,local,4.443363189697266,1779295898,True,1,64.49986535834908,very_light,1.0,5.0,5.0,7.0,5.0,3,1,False,
runwayml_stable-diffusion-v1-5__CEO__202605140001014,runwayml/stable-diffusion-v1-5,CEO,en,MULTI,202605140001014,a photo of a CEO,/kaggle/working/apd-audit/images/main/CEO/seed_202605140001014.png,bcbb349fac6d9d776e38cadb806b16e147e6b063049f95599f1449f034b1e1f6,local,4.403099775314331,1779295893,True,1,41.135272178578546,light,2.0,6.0,7.0,7.0,7.0,3,2,True,
runwayml_stable-diffusion-v1-5__CEO__202605140001013,runwayml/stable-diffusion-v1-5,CEO,en,MULTI,202605140001013,a photo of a CEO,/kaggle/working/apd-audit/images/main/CEO/seed_202605140001013.png,601fdc8e8417ddbf6c487c851fc9019ce40a210989d3b3a694501bc7bbfe5cb7,local,4.387648582458496,1779295889,True,1,23.591862961292136,tan,4.0,6.0,7.0,5.0,5.0,3,2,True,
runwayml_stable-diffusion-v1-5__CEO__202605140001012,runwayml/stable-diffusion-v1-5,CEO,en,MULTI,202605140001012,a photo of a CEO,/kaggle/working/apd-audit/images/main/CEO/seed_202605140001012.png,839cd35b3f4d84ca9b3b748f605baec2ed582a49834b03dc8251b82098754725,local,4.353722095489502,1779295884,True,1,6.986704536666903,brown,6.0,6.0,7.0,8.0,7.0,3,3,True,
runwayml_stable-diffusion-v1-5__CEO__202605140001011,runwayml/stable-diffusion-v1-5,CEO,en,MULTI,202605140001011,a photo of a CEO,/kaggle/working/apd-audit/images/main/CEO/seed_202605140001011.png,3e64a014f516899a16bc553be1f9fd23ea7d3faeea590effffb9e066a79bf142,local,4.32256293296814,1779295880,True,1,95.65551165137953,unknown,1.0,5.0,5.0,7.0,5.0,3,1,False,
runwayml_stable-diffusion-v1-5__CEO__202605140001010,runwayml/stable-diffusion-v1-5,CEO,en,MULTI,202605140001010,a photo of a CEO,/kaggle/working/apd-audit/images/main/CEO/seed_202605140001010.png,dd48734698152daa249f7939719af7e0de01a1f4bc9f95117f188db5e5602c09,local,4.273718357086182,1779295875,True,1,49.88222000220492,light,1.0,5.0,5.0,7.0,5.0,3,1,False,
runwayml_stable-diffusion-v1-5__CEO__202605140001009,runwayml/stable-diffusion-v1-5,CEO,en,MULTI,202605140001009,a photo of a CEO,/kaggle/working/apd-audit/images/main/CEO/seed_202605140001009.png,dff5038570da7de4be94d1c8e1fdd325368779effd87ff49bc4608e7f06d0ddb,local,4.2189226150512695,1779295871,True,3,-72.65929222102663,dark,11.0,8.0,9.0,7.0,9.0,3,1,False,
runwayml_stable-diffusion-v1-5__CEO__202605140001008,runwayml/stable-diffusion-v1-5,CEO,en,MULTI,202605140001008,a photo of a CEO,/kaggle/working/apd-audit/images/main/CEO/seed_202605140001008.png,361f63dbb095e384aeb95fc853156be2da1f75c105612b08df616de309e8238f,local,4.1462016105651855,1779295866,False,0,,no_face,,,,,,0,0,False,
runwayml_stable-diffusion-v1-5__CEO__202605140001007,runwayml/stable-diffusion-v1-5,CEO,en,MULTI,202605140001007,a photo of a CEO,/kaggle/working/apd-audit/images/main/CEO/seed_202605140001007.png,e6231149fc1e7fe00946824ec0ac6092e75af35a10255a726abbcffb07c15f83,local,4.142736911773682,1779295862,False,0,,no_face,,,,,,0,0,False,
runwayml_stable-diffusion-v1-5__CEO__202605140001006,runwayml/stable-diffusion-v1-5,CEO,en,MULTI,202605140001006,a photo of a CEO,/kaggle/working/apd-audit/images/main/CEO/seed_202605140001006.png,26db0dde23cf5394f6c420e42e1ff9ca83b1b2ea045c531a672d2b0f7367dbf3,local,4.150205135345459,1779295858,True,2,57.80426606528674,very_light,1.0,5.0,5.0,3.0,3.0,3,1,False,
runwayml_stable-diffusion-v1-5__CEO__202605140001005,runwayml/stable-diffusion-v1-5,CEO,en,MULTI,202605140001005,a photo of a CEO,/kaggle/working/apd-audit/images/main/CEO/seed_202605140001005.png,acb4dc0bbb81b12fc3de2eb4282daa7fec0b77cba0a2c17b7215ba79672dddc8,local,4.067097425460815,1779295854,True,1,60.68718823077185,very_light,1.0,5.0,5.0,7.0,5.0,3,1,False,
runwayml_stable-diffusion-v1-5__CEO__202605140001004,runwayml/stable-diffusion-v1-5,CEO,en,MULTI,202605140001004,a photo of a CEO,/kaggle/working/apd-audit/images/main/CEO/seed_202605140001004.png,013ba976b9da41fcd76f47e01261a5093772f4911b353573f4877839b868bf94,local,4.046241044998169,1779295850,False,0,,no_face,,,,,,0,0,False,
runwayml_stable-diffusion-v1-5__CEO__202605140001003,runwayml/stable-diffusion-v1-5,CEO,en,MULTI,202605140001003,a photo of a CEO,/kaggle/working/apd-audit/images/main/CEO/seed_202605140001003.png,2da322829e888e3369ea29ec4fc28af42d6759cdf460c56e71e0f4b5b013ea5f,local,4.012178659439087,1779295845,True,2,59.62087398863167,very_light,1.0,5.0,5.0,6.0,5.0,3,2,True,
runwayml_stable-diffusion-v1-5__CEO__202605140001002,runwayml/stable-diffusion-v1-5,CEO,en,MULTI,202605140001002,a photo of a CEO,/kaggle/working/apd-audit/images/main/CEO/seed_202605140001002.png,1b630bcc3ef7e9d6378aa9a4f591276933952f9982213976b0a5319ab814f0b1,local,3.977203607559204,1779295841,True,2,35.96051719664489,intermediate,3.0,6.0,7.0,7.0,7.0,3,2,True,
runwayml_stable-diffusion-v1-5__CEO__202605140001001,runwayml/stable-diffusion-v1-5,CEO,en,MULTI,202605140001001,a photo of a CEO,/kaggle/working/apd-audit/images/main/CEO/seed_202605140001001.png,e8893bcd469a8e2781ff8ef9965e1698bbf546ff800118e4e2d1c472e1a327e1,local,3.949856996536255,1779295837,False,0,,no_face,,,,,,0,0,False,
runwayml_stable-diffusion-v1-5__CEO__202605140001000,runwayml/stable-diffusion-v1-5,CEO,en,MULTI,202605140001000,a photo of a CEO,/kaggle/working/apd-audit/images/main/CEO/seed_202605140001000.png,058a7fd368da07111cd2a45f338b4657fca1db0908ae45d15edc5f432ec564d5,local,4.377610921859741,1779295833,True,1,19.05857348380709,tan,4.0,6.0,7.0,7.0,7.0,3,2,True,
pollinations_flux__driver__202605141520024,pollinations/flux,driver,es-LatAm,CO,202605141520024,una foto de un conductor,/home/runner/work/apd-audit/apd-audit/images/main/driver/seed_202605141520024.png,2f87e39e95b5b4c1899c9520806ccaf647d294565e71ad590891505fd4ed8c70,pollinations,90.4058403968811,1779288205,False,0,,classify_error,,,,,,0,0,False,
pollinations_flux__CEO__202605140030004,pollinations/flux,CEO,pt-BR,BR,202605140030004,uma foto de um diretor geral,/home/runner/work/apd-audit/apd-audit/images/main/CEO/seed_202605140030004.png,04df1ccd15766c386c6fe927e079743db16b759328cae29db9283c620b09d626,pollinations,90.22259426116943,1779288115,False,0,,classify_error,,,,,,0,0,False,
pollinations_flux__CEO__202605140020004,pollinations/flux,CEO,es-LatAm,CO,202605140020004,una foto de un director general,/home/runner/work/apd-audit/apd-audit/images/main/CEO/seed_202605140020004.png,51d2b3379d8c8560a3720a42ac42b66fb18bc14f7261c2a07d83213101da8d30,pollinations,1.3945672512054443,1779288025,False,0,,classify_error,,,,,,0,0,False,
pollinations_flux__CEO__202605140030017,pollinations/flux,CEO,pt-BR,BR,202605140030017,uma foto de um diretor geral,/home/runner/work/apd-audit/apd-audit/images/main/CEO/seed_202605140030017.png,eaf094f61affe8b053e77b0347cfab190e4b12db1741cfd7886f7c7ce47ae6fd,pollinations,89.99110651016235,1779267429,False,0,,classify_error,,,,,,0,0,False,
pollinations_flux__CEO__202605140020018,pollinations/flux,CEO,es-LatAm,CO,202605140020018,una foto de un director general,/home/runner/work/apd-audit/apd-audit/images/main/CEO/seed_202605140020018.png,9c78347c964ec87adcf96c1a638afb03225c02cb715850f57448bc5af8b65729,pollinations,1.0236659049987793,1779267339,False,0,,classify_error,,,,,,0,0,False,
pollinations_flux__nanny__202605141800018,pollinations/flux,nanny,en,MULTI,202605141800018,a photo of a nanny,/home/runner/work/apd-audit/apd-audit/images/main/nanny/seed_202605141800018.png,f0ed1cdaf8c948c8d35c928a14ff43132773cde7a1d59278d6eff10628db25ff,pollinations,90.28360295295715,1779244574,False,0,,classify_error,,,,,,0,0,False,
pollinations_flux__CEO__202605140020019,pollinations/flux,CEO,es-LatAm,CO,202605140020019,una foto de un director general,/home/runner/work/apd-audit/apd-audit/images/main/CEO/seed_202605140020019.png,a07cb15ef50ba00652e6109738dd09baf5aaf19e07298a549fd28d2015f3821d,pollinations,90.13130044937134,1779244484,False,0,,classify_error,,,,,,0,0,False,
pollinations_flux__CEO__202605140010020,pollinations/flux,CEO,es-ES,MX,202605140010020,una fotografía de un director general,/home/runner/work/apd-audit/apd-audit/images/main/CEO/seed_202605140010020.png,0ea34d7fc8383a18db01974c288531de09738d0ad65a016e36de51777626899a,pollinations,0.9667129516601562,1779244394,False,0,,classify_error,,,,,,0,0,False,
pollinations_flux__waste_collector__202605142400002,pollinations/flux,waste collector,en,MULTI,202605142400002,a photo of a waste collector,/home/runner/work/apd-audit/apd-audit/images/main/waste_collector/seed_202605142400002.png,b35678b4e4a5fb8a083de437491705d5f6c2d5ccfe095f309202dba337e16f1f,pollinations,90.28775787353516,1779220074,False,0,,classify_error,,,,,,0,0,False,
pollinations_flux__CEO__202605140020023,pollinations/flux,CEO,es-LatAm,CO,202605140020023,una foto de un director general,/home/runner/work/apd-audit/apd-audit/images/main/CEO/seed_202605140020023.png,c8e0e8a771a4d3ae632d2230044fafed1fa691d8a0413be998d1168b6653ee3b,pollinations,90.07992911338806,1779219984,False,0,,classify_error,,,,,,0,0,False,
pollinations_flux__CEO__202605140020000,pollinations/flux,CEO,es-LatAm,CO,202605140020000,una foto de un director general,/home/runner/work/apd-audit/apd-audit/images/main/CEO/seed_202605140020000.png,a8bc4c77a6e0c5b34191e710f03a77b372433ee633fda72747e6b6dca371182b,pollinations,0.8438193798065186,1779219895,False,0,,classify_error,,,,,,0,0,False,
pollinations_flux__waste_collector__202605142410025,pollinations/flux,waste collector,es-ES,MX,202605142410025,una fotografía de un recolector,/home/runner/work/apd-audit/apd-audit/images/main/waste_collector/seed_202605142410025.png,88452eb65240892f9657c7ad85abc6dde1cc3fdf3aa5742ee940868948f24a78,pollinations,90.69551658630371,1779201830,False,0,,classify_error,,,,,,0,0,False,
pollinations_flux__CEO__202605140020022,pollinations/flux,CEO,es-LatAm,CO,202605140020022,una foto de un director general,/home/runner/work/apd-audit/apd-audit/images/main/CEO/seed_202605140020022.png,00a1670681b23000cf30626dd108f55b790f4d8b2dc8bbc6617986f9f1743584,pollinations,90.17859601974487,1779201740,False,0,,classify_error,,,,,,0,0,False,
pollinations_flux__CEO__202605140020010,pollinations/flux,CEO,es-LatAm,CO,202605140020010,una foto de un director general,/home/runner/work/apd-audit/apd-audit/images/main/CEO/seed_202605140020010.png,8d3bfcf834affff3ca7a6421dbc381b5fcd591498bfe3e007a08b8fd97943707,pollinations,0.9228365421295166,1779201650,False,0,,classify_error,,,,,,0,0,False,
pollinations_flux__marker:EU:construction_worker__202610140530001,pollinations/flux,marker:EU:construction worker,en,MULTI,202610140530001,a photo of a European construction worker,/home/runner/work/apd-audit/apd-audit/images/main/marker:EU:construction_worker/seed_202610140530001.png,82032443e1894f5abe59fa1330eb7f36bf9deb4f2c91ad88ea80bf3941a595dc,pollinations,95.37123370170593,1779183831,False,0,,classify_error,,,,,,0,0,False,
pollinations_flux__waste_collector__202605142410013,pollinations/flux,waste collector,es-ES,MX,202605142410013,una fotografía de un recolector,/home/runner/work/apd-audit/apd-audit/images/main/waste_collector/seed_202605142410013.png,937f756e704954247778473b61d9cd86c84a973316492baa105b32c255cde408,pollinations,94.60344386100769,1779183743,False,0,,classify_error,,,,,,0,0,False,
pollinations_flux__seamstress__202605142020005,pollinations/flux,seamstress,es-LatAm,CO,202605142020005,una foto de un costurero,/home/runner/work/apd-audit/apd-audit/images/main/seamstress/seed_202605142020005.png,28ce3f191bf938fee4fb3cf066e106fe829b73c50a4ef623f956353a3ef1467e,pollinations,96.13625407218933,1779183650,False,0,,classify_error,,,,,,0,0,False,
pollinations_flux__farmer__202605141730021,pollinations/flux,farmer,pt-BR,BR,202605141730021,uma foto de um agricultor,/home/runner/work/apd-audit/apd-audit/images/main/farmer/seed_202605141730021.png,9748e518a9641b7523f12da093da598e0f72845310727553b6ed7895a14a661c,pollinations,93.40676188468933,1779183562,False,0,,classify_error,,,,,,0,0,False,
pollinations_flux__driver__202605141510007,pollinations/flux,driver,es-ES,MX,202605141510007,una fotografía de un conductor,/home/runner/work/apd-audit/apd-audit/images/main/driver/seed_202605141510007.png,48eed1e7c88da97e7d0de3d011225a1c95e162af430566b2978580a70959ed13,pollinations,94.40247654914856,1779183473,False,0,,classify_error,,,,,,0,0,False,
pollinations_flux__secretary__202605141210021,pollinations/flux,secretary,es-ES,MX,202605141210021,una fotografía de un secretario,/home/runner/work/apd-audit/apd-audit/images/main/secretary/seed_202605141210021.png,d5716df77fe0e9c1c153641ba9a72b4a3ec4c6e89b2f6ad00b78db80fa7a178e,pollinations,94.26649641990662,1779183383,False,0,,classify_error,,,,,,0,0,False,
pollinations_flux__police_officer__202605140930006,pollinations/flux,police officer,pt-BR,BR,202605140930006,uma foto de um policial,/home/runner/work/apd-audit/apd-audit/images/main/police_officer/seed_202605140930006.png,8b04b7ab5ecb9c9d54d5378e773a6f46ee514beac270638c80d171e7ee450951,pollinations,92.95123219490051,1779183291,False,0,,classify_error,,,,,,0,0,False,
pollinations_flux__journalist__202605140700029,pollinations/flux,journalist,en,MULTI,202605140700029,a photo of a journalist,/home/runner/work/apd-audit/apd-audit/images/main/journalist/seed_202605140700029.png,8240130abae24d272a713172e5e3333091aa6f8788e70a065e9248a0c4812e6f,pollinations,96.17342615127563,1779183205,False,0,,classify_error,,,,,,0,0,False,
pollinations_flux__lawyer__202605140330011,pollinations/flux,lawyer,pt-BR,BR,202605140330011,uma foto de um advogado,/home/runner/work/apd-audit/apd-audit/images/main/lawyer/seed_202605140330011.png,88e93f4a0a6feabea3a3e25d1f9293781d9740d4dcff7f13a8bfdd3aa7ab077c,pollinations,92.9801721572876,1779183111,False,0,,classify_error,,,,,,0,0,False,
pollinations_flux__CEO__202605140020006,pollinations/flux,CEO,es-LatAm,CO,202605140020006,una foto de un director general,/home/runner/work/apd-audit/apd-audit/images/main/CEO/seed_202605140020006.png,ae13e7184a8a97d6d681459acd8b0519cac0775178568e94535c129cba710993,pollinations,91.11694955825806,1779183020,False,0,,classify_error,,,,,,0,0,False,
pollinations_flux__CEO__202605140020005,pollinations/flux,CEO,es-LatAm,CO,202605140020005,una foto de un director general,/home/runner/work/apd-audit/apd-audit/images/main/CEO/seed_202605140020005.png,8ea7f210694ca8e32be6572f802b0d7090f3923658e092fc4779d4612082e769,pollinations,2.2266366481781006,1779182930,False,0,,classify_error,,,,,,0,0,False,
pollinations_flux__marker:unmarked:architect__202610140300001,pollinations/flux,marker:unmarked:architect,en,MULTI,202610140300001,a photo of an architect,/home/runner/work/apd-audit/apd-audit/images/main/marker:unmarked:architect/seed_202610140300001.png,57814ea651bd6d13348bbe3c113e9e36839c0f8a885819c44a1e619e7be9082e,pollinations,90.31026768684387,1779158154,False,0,,classify_error,,,,,,0,0,False,
pollinations_flux__CEO__202605140020014,pollinations/flux,CEO,es-LatAm,CO,202605140020014,una foto de un director general,/home/runner/work/apd-audit/apd-audit/images/main/CEO/seed_202605140020014.png,5b89e6ea68fb8945d071c604efe24e17d74c5bf039c67f3735a634b06469dc6b,pollinations,90.06008648872375,1779158064,False,0,,classify_error,,,,,,0,0,False,
pollinations_flux__CEO__202605140010026,pollinations/flux,CEO,es-ES,MX,202605140010026,una fotografía de un director general,/home/runner/work/apd-audit/apd-audit/images/main/CEO/seed_202605140010026.png,ec40db9f0e07e01a0f32a180e5ad85c213c6ab630802984d0320bb64c638c6d0,pollinations,0.9266166687011719,1779157974,False,0,,classify_error,,,,,,0,0,False,
pollinations_flux__domestic_worker__202605142220020,pollinations/flux,domestic worker,es-LatAm,CO,202605142220020,una foto de un empleado doméstico,/home/runner/work/apd-audit/apd-audit/images/main/domestic_worker/seed_202605142220020.png,c8f84392514fd5d098560d5aa32b5aab3de8d04515193e89f1de9422c3ade94c,pollinations,90.2581467628479,1779132605,False,0,,classify_error,,,,,,0,0,False,
pollinations_flux__CEO__202605140020011,pollinations/flux,CEO,es-LatAm,CO,202605140020011,una foto de un director general,/home/runner/work/apd-audit/apd-audit/images/main/CEO/seed_202605140020011.png,a382de6007170c7855c6b94e8db908a273618887bab52aeab47204ce04e0a734,pollinations,90.19267725944519,1779132515,False,0,,classify_error,,,,,,0,0,False,
pollinations_flux__CEO__202605140020003,pollinations/flux,CEO,es-LatAm,CO,202605140020003,una foto de un director general,/home/runner/work/apd-audit/apd-audit/images/main/CEO/seed_202605140020003.png,7f54617571e8bcb455606bf00375c95adf0d2b6741aa28cac7b5271ff2be6aa0,pollinations,0.9218416213989258,1779132425,False,0,,classify_error,,,,,,0,0,False,
pollinations_flux__nanny__202605141830014,pollinations/flux,nanny,pt-BR,BR,202605141830014,uma foto de um babá,/home/runner/work/apd-audit/apd-audit/images/main/nanny/seed_202605141830014.png,194c8c35c38fc9fb43a72202a646b1b8d796b10befc7f01063e82b282648dfd8,pollinations,90.22391891479492,1779116391,False,0,,classify_error,,,,,,0,0,False,
pollinations_flux__CEO__202605140020002,pollinations/flux,CEO,es-LatAm,CO,202605140020002,una foto de un director general,/home/runner/work/apd-audit/apd-audit/images/main/CEO/seed_202605140020002.png,1265f767593b1d6b2daf212f0217a3b13b723b761e52b46df5f31af0b8a10e7a,pollinations,90.42694878578186,1779116301,False,0,,classify_error,,,,,,0,0,False,
pollinations_flux__CEO__202605140010013,pollinations/flux,CEO,es-ES,MX,202605140010013,una fotografía de un director general,/home/runner/work/apd-audit/apd-audit/images/main/CEO/seed_202605140010013.png,3b5f68189f50c91f70d5d96f3fb8a54a7aa2a2a013bd816354c0e503758c0f52,pollinations,0.9673395156860352,1779116212,False,0,,classify_error,,,,,,0,0,False,
pollinations_flux__marker:LatAm:CEO__202610140010001,pollinations/flux,marker:LatAm:CEO,en,MULTI,202610140010001,a photo of a Colombian CEO,/home/runner/work/apd-audit/apd-audit/images/main/marker:LatAm:CEO/seed_202610140010001.png,8561eb3ea485c631dd8c45e8ccef979aa02cc94ec89c06aab541e8a60f02404f,pollinations,90.45401191711426,1779097585,False,0,,classify_error,,,,,,0,0,False,
pollinations_flux__CEO__202605140010029,pollinations/flux,CEO,es-ES,MX,202605140010029,una fotografía de un director general,/home/runner/work/apd-audit/apd-audit/images/main/CEO/seed_202605140010029.png,eaa0aa55e0c61f38e08b2251c11a20182ae15aa90bd1e0245f04ad903cbf49b1,pollinations,90.2756199836731,1779097495,False,0,,classify_error,,,,,,0,0,False,
pollinations_flux__CEO__202605140010009,pollinations/flux,CEO,es-ES,MX,202605140010009,una fotografía de un director general,/home/runner/work/apd-audit/apd-audit/images/main/CEO/seed_202605140010009.png,88a623c88679b1d2c98d889f08c52cbeedc7c8b4513eba9e6e14b4322f076441,pollinations,0.6601309776306152,1779097405,False,0,,classify_error,,,,,,0,0,False,
pollinations_flux__construction_worker__202605141910008,pollinations/flux,construction worker,es-ES,MX,202605141910008,una fotografía de un obrero de construcción,/home/runner/work/apd-audit/apd-audit/images/main/construction_worker/seed_202605141910008.png,5f615e16626a9fe4b88067d38f6116a52db476f1d4dea2ea9287fc07d89ff68e,pollinations,90.57101535797119,1779071842,False,0,,classify_error,,,,,,0,0,False,
pollinations_flux__CEO__202605140010027,pollinations/flux,CEO,es-ES,MX,202605140010027,una fotografía de un director general,/home/runner/work/apd-audit/apd-audit/images/main/CEO/seed_202605140010027.png,54da63ce530a6b6a61c13c48cf3ecc656f54ab415b3bfd04436162714c24fb9e,pollinations,90.3071961402893,1779071752,False,0,,classify_error,,,,,,0,0,False,
pollinations_flux__CEO__202605140010016,pollinations/flux,CEO,es-ES,MX,202605140010016,una fotografía de un director general,/home/runner/work/apd-audit/apd-audit/images/main/CEO/seed_202605140010016.png,01c31c080573bc34ce9a32962898e1d3b5394a6fa8b78ae7925eb65c0471cece,pollinations,0.9574813842773438,1779071662,False,0,,classify_error,,,,,,0,0,False,
pollinations_flux__domestic_worker__202605142230009,pollinations/flux,domestic worker,pt-BR,BR,202605142230009,uma foto de um empregado doméstico,/home/runner/work/apd-audit/apd-audit/images/main/domestic_worker/seed_202605142230009.png,32c8b7c001ec9ab7046b289dcfe3249824ca02d6bc9a5b5e9810042febbdc1dc,pollinations,90.34718155860901,1779044400,False,0,,classify_error,,,,,,0,0,False,
pollinations_flux__CEO__202605140010025,pollinations/flux,CEO,es-ES,MX,202605140010025,una fotografía de un director general,/home/runner/work/apd-audit/apd-audit/images/main/CEO/seed_202605140010025.png,ef2595a5590a21771a8f9f0343c570132954d89d76691673fd2ff9a1a71439ea,pollinations,90.29154872894287,1779044310,False,0,,classify_error,,,,,,0,0,False,
pollinations_flux__CEO__202605140010011,pollinations/flux,CEO,es-ES,MX,202605140010011,una fotografía de un director general,/home/runner/work/apd-audit/apd-audit/images/main/CEO/seed_202605140010011.png,f544bc2a1c1b54060762ba54e56333bda1f52da619d9e083fc8acf2400e60ec3,pollinations,0.6952221393585205,1779044220,False,0,,classify_error,,,,,,0,0,False,
pollinations_flux__marker:LatAm:lawyer__202610140210000,pollinations/flux,marker:LatAm:lawyer,en,MULTI,202610140210000,a photo of a Colombian lawyer,/home/runner/work/apd-audit/apd-audit/images/main/marker:LatAm:lawyer/seed_202610140210000.png,edb31fdcc805b41d3b853a4a638b4ce867c8bd5c224ad9f0270461237f12f2a4,pollinations,90.50915098190308,1779023034,False,0,,classify_error,,,,,,0,0,False,
pollinations_flux__CEO__202605140020001,pollinations/flux,CEO,es-LatAm,CO,202605140020001,una foto de un director general,/home/runner/work/apd-audit/apd-audit/images/main/CEO/seed_202605140020001.png,8e84548149d96f5e54963007d015869ffe54b0d4ffa35ed931f5b32a651c7c78,pollinations,90.40900564193726,1779022943,False,0,,classify_error,,,,,,0,0,False,
pollinations_flux__CEO__202605140010012,pollinations/flux,CEO,es-ES,MX,202605140010012,una fotografía de un director general,/home/runner/work/apd-audit/apd-audit/images/main/CEO/seed_202605140010012.png,e6931ff2dc0034898080ae51c9ef3afd7ffb6e3f71e0f2cae1ded202cc1fb687,pollinations,0.9776484966278076,1779022853,False,0,,classify_error,,,,,,0,0,False,
pollinations_flux__street_vendor__202605142310028,pollinations/flux,street vendor,es-ES,MX,202605142310028,una fotografía de un vendedor callejero,/home/runner/work/apd-audit/apd-audit/images/main/street_vendor/seed_202605142310028.png,04431dcee685479bbe6bdf0e16e98c706af164e57347fd75ad0bc39387aabc64,pollinations,90.35982847213745,1779005693,False,0,,classify_error,,,,,,0,0,False,
pollinations_flux__CEO__202605140010022,pollinations/flux,CEO,es-ES,MX,202605140010022,una fotografía de un director general,/home/runner/work/apd-audit/apd-audit/images/main/CEO/seed_202605140010022.png,8e6079c2515cbe062083b8d90e36bb3bedb7312946ad9da4ae06b3f272f96589,pollinations,90.36364769935608,1779005603,False,0,,classify_error,,,,,,0,0,False,
pollinations_flux__CEO__202605140010010,pollinations/flux,CEO,es-ES,MX,202605140010010,una fotografía de un director general,/home/runner/work/apd-audit/apd-audit/images/main/CEO/seed_202605140010010.png,e3c8faa186ced55e687548a520e8d2c311cf88933b38243629fd53c1ced56d26,pollinations,0.9056694507598877,1779005513,False,0,,classify_error,,,,,,0,0,False,
pollinations_flux__marker:unmarked:nurse__202610140400009,pollinations/flux,marker:unmarked:nurse,en,MULTI,202610140400009,a photo of a nurse,/home/runner/work/apd-audit/apd-audit/images/main/marker:unmarked:nurse/seed_202610140400009.png,a1c820dcdff909ce1ab937f2eaed678681157c8e2af9e3f3b3d9c184f1b9b4c9,pollinations,90.6720039844513,1778984293,False,0,,classify_error,,,,,,0,0,False,
pollinations_flux__cook__202605141330015,pollinations/flux,cook,pt-BR,BR,202605141330015,uma foto de um cozinheiro,/home/runner/work/apd-audit/apd-audit/images/main/cook/seed_202605141330015.png,2b12a380866b08e25e4065039cd620c88c9b38f092ed23efb83f6d13f04a8ce1,pollinations,90.3170816898346,1778984203,False,0,,classify_error,,,,,,0,0,False,
pollinations_flux__waste_collector__202605142420013,pollinations/flux,waste collector,es-LatAm,CO,202605142420013,una foto de un recolector,/home/runner/work/apd-audit/apd-audit/images/main/waste_collector/seed_202605142420013.png,df250203c3a447a9fe4d188912129c9a8664efbb08cdaa07ad7fb928eb18b0ba,pollinations,0.4252278804779053,1778984189,False,0,,classify_error,,,,,,0,0,False,
pollinations_flux__CEO__202605140010019,pollinations/flux,CEO,es-ES,MX,202605140010019,una fotografía de un director general,/home/runner/work/apd-audit/apd-audit/images/main/CEO/seed_202605140010019.png,81bfb88a97224a9fe96f6d8eddad7ceef157e2e7451316029a8fc30cb7913a98,pollinations,90.35947060585022,1778984113,False,0,,classify_error,,,,,,0,0,False,
pollinations_flux__CEO__202605140010000,pollinations/flux,CEO,es-ES,MX,202605140010000,una fotografía de un director general,/home/runner/work/apd-audit/apd-audit/images/main/CEO/seed_202605140010000.png,1ce44a37fc79356ed879396f647e2e6d23cbe5f97bc8fe4373acef0b51def045,pollinations,1.1686277389526367,1778984023,False,0,,classify_error,,,,,,0,0,False,
pollinations_flux__CEO__202605140010007,pollinations/flux,CEO,es-ES,MX,202605140010007,una fotografía de un director general,/home/runner/work/apd-audit/apd-audit/images/main/CEO/seed_202605140010007.png,cd635654d26ed83b5d4d5ca6a93abebadf32b3c3429178a974bd39dc4e9e4c9b,pollinations,180.00578713417053,1778958127,False,0,,classify_error,,,,,,0,0,False,
pollinations_flux__CEO__202605140010006,pollinations/flux,CEO,es-ES,MX,202605140010006,una fotografía de un director general,/home/runner/work/apd-audit/apd-audit/images/main/CEO/seed_202605140010006.png,5d6665c7ab40370f25d6b88c9041ca072034c6938a42681147def9bdde05c58d,pollinations,269.9902045726776,1778957947,False,0,,classify_error,,,,,,0,0,False,
pollinations_flux__CEO__202605140010005,pollinations/flux,CEO,es-ES,MX,202605140010005,una fotografía de un director general,/home/runner/work/apd-audit/apd-audit/images/main/CEO/seed_202605140010005.png,5da51b8a744bc964679b84b991047b06a8fabfb914f0b9b35034713759516629,pollinations,89.98471593856812,1778957677,False,0,,classify_error,,,,,,0,0,False,
pollinations_flux__CEO__202605140010004,pollinations/flux,CEO,es-ES,MX,202605140010004,una fotografía de un director general,/home/runner/work/apd-audit/apd-audit/images/main/CEO/seed_202605140010004.png,412064312e23cc36e2a688692995ea3d16b3b490e8a32cf2d35f71e694c50d47,pollinations,179.99467062950134,1778957587,False,0,,classify_error,,,,,,0,0,False,
pollinations_flux__CEO__202605140010003,pollinations/flux,CEO,es-ES,MX,202605140010003,una fotografía de un director general,/home/runner/work/apd-audit/apd-audit/images/main/CEO/seed_202605140010003.png,d9a0a84ac026c8c64a0571f25e5fbbbb9e58c0fe244b0febc53f48f80d029b2d,pollinations,359.85540318489075,1778957407,False,0,,classify_error,,,,,,0,0,False,
pollinations_flux__CEO__202605140010002,pollinations/flux,CEO,es-ES,MX,202605140010002,una fotografía de un director general,/home/runner/work/apd-audit/apd-audit/images/main/CEO/seed_202605140010002.png,e88a2e88208bf1f95213f6937185a8e299e0b3aeff5138038f462702b961b335,pollinations,66.62300062179565,1778957047,False,0,,classify_error,,,,,,0,0,False,
pollinations_flux__CEO__202605140000029,pollinations/flux,CEO,en,MULTI,202605140000029,a photo of a CEO,/content/drive/MyDrive/apd-audit/images/main/CEO/seed_202605140000029.png,a6f2561fb9c96e9476473428e7f2507814ebd734e492bfdb8ec65fda842d27db,pollinations,89.98547911643982,1778897534,False,0,,not_classified,,,,,,0,0,False,
pollinations_flux__CEO__202605140000028,pollinations/flux,CEO,en,MULTI,202605140000028,a photo of a CEO,/content/drive/MyDrive/apd-audit/images/main/CEO/seed_202605140000028.png,40fbf8de05e33008c43074502236113320cc6bf072f6b0d48847b1c65f095457,pollinations,90.04352807998657,1778897444,False,0,,not_classified,,,,,,0,0,False,
pollinations_flux__CEO__202605140000027,pollinations/flux,CEO,en,MULTI,202605140000027,a photo of a CEO,/content/drive/MyDrive/apd-audit/images/main/CEO/seed_202605140000027.png,d6592344c295c1e1b67aa0d7cf8c4fbd75e152fc5abdb6b8a3b6e102f5c24a10,pollinations,89.95975470542908,1778897354,False,0,,not_classified,,,,,,0,0,False,
pollinations_flux__CEO__202605140000026,pollinations/flux,CEO,en,MULTI,202605140000026,a photo of a CEO,/content/drive/MyDrive/apd-audit/images/main/CEO/seed_202605140000026.png,4fe22702eb58ed4c4fc5530c66f97277ab37d221e246703e5a17061a0b980987,pollinations,90.06064224243164,1778897264,False,0,,not_classified,,,,,,0,0,False,
pollinations_flux__CEO__202605140000025,pollinations/flux,CEO,en,MULTI,202605140000025,a photo of a CEO,/content/drive/MyDrive/apd-audit/images/main/CEO/seed_202605140000025.png,b69faafae92c16ed54af43971e74fc89fe32af2a188e5e53b139c743e7545f8f,pollinations,90.05951881408691,1778897174,False,0,,not_classified,,,,,,0,0,False,
pollinations_flux__CEO__202605140000024,pollinations/flux,CEO,en,MULTI,202605140000024,a photo of a CEO,/content/drive/MyDrive/apd-audit/images/main/CEO/seed_202605140000024.png,d9dd3eabe8a3660be35d744b1dbaee4127c4688baeeef7b7947daa8e5c2d1a98,pollinations,89.78471159934998,1778897084,False,0,,not_classified,,,,,,0,0,False,
pollinations_flux__CEO__202605140000023,pollinations/flux,CEO,en,MULTI,202605140000023,a photo of a CEO,/content/drive/MyDrive/apd-audit/images/main/CEO/seed_202605140000023.png,08c597d80828b668303dbe8a74d88be67f2106224ceb9d774ddcaaff4d0d3dfe,pollinations,89.86583375930786,1778896994,False,0,,not_classified,,,,,,0,0,False,
pollinations_flux__CEO__202605140000022,pollinations/flux,CEO,en,MULTI,202605140000022,a photo of a CEO,/content/drive/MyDrive/apd-audit/images/main/CEO/seed_202605140000022.png,26260c928de1808d4d34b79f9da5caf92b765cf2b6274ca95d6489129e697dfc,pollinations,90.24766373634338,1778896904,False,0,,not_classified,,,,,,0,0,False,
pollinations_flux__CEO__202605140000021,pollinations/flux,CEO,en,MULTI,202605140000021,a photo of a CEO,/content/drive/MyDrive/apd-audit/images/main/CEO/seed_202605140000021.png,19d4a14e306d9fbd455b48456dc39e3e93bd1f4fc0089f9ed1bb8586b121f7f6,pollinations,89.97406721115112,1778896814,False,0,,not_classified,,,,,,0,0,False,
pollinations_flux__CEO__202605140000020,pollinations/flux,CEO,en,MULTI,202605140000020,a photo of a CEO,/content/drive/MyDrive/apd-audit/images/main/CEO/seed_202605140000020.png,881b52a1ca4754c9c24afe15ae45661f640c2e121097a12daae16dc82f284f76,pollinations,90.07940340042114,1778896724,False,0,,not_classified,,,,,,0,0,False,
pollinations_flux__CEO__202605140000019,pollinations/flux,CEO,en,MULTI,202605140000019,a photo of a CEO,/content/drive/MyDrive/apd-audit/images/main/CEO/seed_202605140000019.png,acd41b2e9a826742c9a221a7fcd2049d2cd733714df86976dd410ed322a8ef38,pollinations,89.9993634223938,1778896634,False,0,,not_classified,,,,,,0,0,False,
pollinations_flux__CEO__202605140000018,pollinations/flux,CEO,en,MULTI,202605140000018,a photo of a CEO,/content/drive/MyDrive/apd-audit/images/main/CEO/seed_202605140000018.png,14f5bba50aef5135fdbe084173fdf2f43e05dafe7ba65fe2121b283a69e0800b,pollinations,89.80184650421143,1778896544,False,0,,not_classified,,,,,,0,0,False,
pollinations_flux__CEO__202605140000017,pollinations/flux,CEO,en,MULTI,202605140000017,a photo of a CEO,/content/drive/MyDrive/apd-audit/images/main/CEO/seed_202605140000017.png,1279b96f6b54e7d87cf7f25a5525fe165ca84ed1bc256c5b175dcc922df0af8f,pollinations,90.01709389686584,1778896454,False,0,,not_classified,,,,,,0,0,False,
pollinations_flux__CEO__202605140000016,pollinations/flux,CEO,en,MULTI,202605140000016,a photo of a CEO,/content/drive/MyDrive/apd-audit/images/main/CEO/seed_202605140000016.png,5ba9c55b9f519eec5995cc3c0c30742bad236004f2cf7e1b7423c4fa72b28289,pollinations,90.13663268089294,1778896364,False,0,,not_classified,,,,,,0,0,False,
pollinations_flux__CEO__202605140000015,pollinations/flux,CEO,en,MULTI,202605140000015,a photo of a CEO,/content/drive/MyDrive/apd-audit/images/main/CEO/seed_202605140000015.png,7306a873d6f0678f6917dff6c668ed71692ec80621ea758021d8b1f857b347cf,pollinations,89.99999451637268,1778896274,False,0,,not_classified,,,,,,0,0,False,
pollinations_flux__CEO__202605140000014,pollinations/flux,CEO,en,MULTI,202605140000014,a photo of a CEO,/content/drive/MyDrive/apd-audit/images/main/CEO/seed_202605140000014.png,0d440246d92d542baabfab4ac78cafb3f2f5d9ad51c0ed877cfe265be9ce20da,pollinations,89.99741649627686,1778896184,False,0,,not_classified,,,,,,0,0,False,
pollinations_flux__CEO__202605140000013,pollinations/flux,CEO,en,MULTI,202605140000013,a photo of a CEO,/content/drive/MyDrive/apd-audit/images/main/CEO/seed_202605140000013.png,f282c005384626a28c793749054c6ca748b3220ebe014b293fdc9a18877bc7ff,pollinations,89.90883541107178,1778896094,False,0,,not_classified,,,,,,0,0,False,
pollinations_flux__CEO__202605140000012,pollinations/flux,CEO,en,MULTI,202605140000012,a photo of a CEO,/content/drive/MyDrive/apd-audit/images/main/CEO/seed_202605140000012.png,01287490ef95fd7a92711800d2a8f423f4931bd22e967917b7f22035af4e17b5,pollinations,89.81422328948975,1778896004,False,0,,not_classified,,,,,,0,0,False,
pollinations_flux__CEO__202605140000011,pollinations/flux,CEO,en,MULTI,202605140000011,a photo of a CEO,/content/drive/MyDrive/apd-audit/images/main/CEO/seed_202605140000011.png,a4e1b8da9e2ed5dc982c1a90c8de841cbf9b603a3c6f722e484d5a4f0ebc295a,pollinations,89.90625786781311,1778895914,False,0,,not_classified,,,,,,0,0,False,
pollinations_flux__CEO__202605140000010,pollinations/flux,CEO,en,MULTI,202605140000010,a photo of a CEO,/content/drive/MyDrive/apd-audit/images/main/CEO/seed_202605140000010.png,a1b729ff3df6114014b0c7e7448922685ebe021eedfee33d09f1da624146dbbd,pollinations,90.23943328857422,1778895824,False,0,,not_classified,,,,,,0,0,False,
pollinations_flux__CEO__202605140000009,pollinations/flux,CEO,en,MULTI,202605140000009,a photo of a CEO,/content/drive/MyDrive/apd-audit/images/main/CEO/seed_202605140000009.png,f27b9563c1b97fd768115c14deb49720ca62dc3804325197ad7c8ba47b288174,pollinations,89.9100329875946,1778895734,False,0,,not_classified,,,,,,0,0,False,
pollinations_flux__CEO__202605140000008,pollinations/flux,CEO,en,MULTI,202605140000008,a photo of a CEO,/content/drive/MyDrive/apd-audit/images/main/CEO/seed_202605140000008.png,92df227b2755b7a1c4aa818ac4ccc490cffd325de1f174c50cd7602ca24c05e4,pollinations,90.08015441894531,1778895644,False,0,,not_classified,,,,,,0,0,False,
pollinations_flux__CEO__202605140000007,pollinations/flux,CEO,en,MULTI,202605140000007,a photo of a CEO,/content/drive/MyDrive/apd-audit/images/main/CEO/seed_202605140000007.png,36554efc79b530c2924cf4dd39369c5743da53b52e636ee2173a22d21090e6a3,pollinations,89.83526849746704,1778895554,False,0,,not_classified,,,,,,0,0,False,
pollinations_flux__CEO__202605140000006,pollinations/flux,CEO,en,MULTI,202605140000006,a photo of a CEO,/content/drive/MyDrive/apd-audit/images/main/CEO/seed_202605140000006.png,2dd0c391d0aeb7a9cbdc16c5ffb3b388de0174a93c890af0da5e9806deadc986,pollinations,90.0457615852356,1778895464,False,0,,not_classified,,,,,,0,0,False,
pollinations_flux__CEO__202605140000005,pollinations/flux,CEO,en,MULTI,202605140000005,a photo of a CEO,/content/drive/MyDrive/apd-audit/images/main/CEO/seed_202605140000005.png,75faf5a28691caa4a0bcead8940736234fbd87a80308b3ecf6d260ec1f970868,pollinations,90.07437038421631,1778895374,False,0,,not_classified,,,,,,0,0,False,
pollinations_flux__CEO__202605140000004,pollinations/flux,CEO,en,MULTI,202605140000004,a photo of a CEO,/content/drive/MyDrive/apd-audit/images/main/CEO/seed_202605140000004.png,8e3d57e894ceceeac3b6f39a31303011e8236e0670e32a8e887189ba3735cf0d,pollinations,89.89828968048096,1778895284,False,0,,not_classified,,,,,,0,0,False,
pollinations_flux__CEO__202605140000003,pollinations/flux,CEO,en,MULTI,202605140000003,a photo of a CEO,/content/drive/MyDrive/apd-audit/images/main/CEO/seed_202605140000003.png,92d60628b4e0069eb2cec2e64fa9224e03455dc3505e28b9bd470394023b9989,pollinations,90.01175141334534,1778895194,False,0,,not_classified,,,,,,0,0,False,
pollinations_flux__CEO__202605140000002,pollinations/flux,CEO,en,MULTI,202605140000002,a photo of a CEO,/content/drive/MyDrive/apd-audit/images/main/CEO/seed_202605140000002.png,bf27d633dffd6ac738689943f674b1ca20e4bcb803a20b2f7e6c5cb33c6e8817,pollinations,89.83662176132202,1778895104,False,0,,not_classified,,,,,,0,0,False,
pollinations_flux__CEO__202605140000001,pollinations/flux,CEO,en,MULTI,202605140000001,a photo of a CEO,/content/drive/MyDrive/apd-audit/images/main/CEO/seed_202605140000001.png,0f59f4b8c951e1ee93b38e8c39c1d73c9aa63a207bce89db9bd5c799b96929ae,pollinations,90.22426199913025,1778895014,False,0,,not_classified,,,,,,0,0,False,
pollinations_flux__CEO__202605140000000,pollinations/flux,CEO,en,MULTI,202605140000000,a photo of a CEO,/content/drive/MyDrive/apd-audit/images/main/CEO/seed_202605140000000.png,bb3068be5d3727eccf1876baaeb4cda50d064f8149a2065a0165bf057fa3167c,pollinations,0.8138594627380371,1778894924,False,0,,not_classified,,,,,,0,0,False,
